year,pct_hh_income_under_25k
2019,30.088372093023256
2021,27.493750000000002
2022,25.395833333333332
2023,24.735416666666666
