year,pct_family_households
2019,48.96325581395349
2021,49.04895833333333
2022,48.85708333333333
2023,48.83416666666667
