year,pct_rent_burden_30_plus
2019,45.5693023255814
2021,44.64145833333333
2022,44.07
2023,44.130625
