year,pct_rent_burden_50_plus
2019,23.649767441860465
2021,23.339375
2022,24.083125
2023,24.410625
