year,poverty_rate
2019,24.381395348837213
2021,22.745833333333334
2022,22.895833333333332
2023,22.26875
