year,unemployment_rate
2019,5.065116279069768
2021,5.014583333333333
2022,4.708333333333333
2023,4.395833333333333
