year,pct_bachelors_or_higher
2019,47.586046511627906
2021,49.37708333333333
2022,49.98333333333333
2023,49.81666666666666
