year,pct_age_18_24
2019,24.04186046511628
2021,23.952083333333334
2022,24.604166666666668
2023,23.925
