year,county_alice_households,estimated_sum,tract_count,avg_weight,max_estimated_rate_proxy_pct,mean_estimated_rate_proxy_pct,sum_diff,sum_diff_abs
2019,32848.0,32848.00000000001,43,0.02325581395348838,86.27129630714843,41.98372864808239,7.275957614183426e-12,7.275957614183426e-12
2021,29386.0,29386.0,48,0.020833333333333332,66.09440073965713,36.47742026288054,0.0,0.0
2022,34808.178,34808.178,48,0.020833333333333332,89.84199067222295,43.24782632022529,0.0,0.0
2023,31918.1611,31918.161100000005,48,0.020833333333333332,78.08867666579447,38.830279106832826,3.637978807091713e-12,3.637978807091713e-12
