year,county_alice_households,estimated_sum,tract_count,avg_weight,sum_diff,sum_diff_abs
2019,32848.0,32848.0,43,0.02325581395348837,0.0,0.0
2021,29386.0,29385.999999999996,48,0.020833333333333332,-3.637978807091713e-12,3.637978807091713e-12
2022,34808.178,34808.178,48,0.020833333333333332,0.0,0.0
2023,31918.1611,31918.161099999998,48,0.020833333333333332,-3.637978807091713e-12,3.637978807091713e-12
