year,median_household_income
2019,53954.232558139534
2021,60749.46808510638
2022,64875.625
2023,67772.59574468085
