year,selected_k,row_count,cluster_metric_count,best_silhouette_score,best_inertia
2019,2,43,21,0.4069084693805747,551.9197260119385
2021,2,48,21,0.4244258846861486,595.4823442901275
2022,2,48,21,0.4294870395850719,588.9211588528617
2023,2,48,21,0.42878966459203444,596.484154188642
