from_year,to_year,from_aligned_cluster_id,to_raw_cluster_id,distance
2019,2021,0,0,0.694029621948074
2019,2021,1,1,3.021337628167307
2021,2022,0,0,0.13136022831881852
2021,2022,1,1,0.5692276560482157
2022,2023,0,0,0.1475592414429487
2022,2023,1,1,0.6394233795861115
