k,inertia,silhouette_score,year
2,596.484154188642,0.42878966459203444,2023
3,479.7115641996438,0.22400364515338023,2023
4,417.41860847041863,0.21836696978292505,2023
5,372.3821969768238,0.23367462753128465,2023
6,340.9640858911611,0.2041023146807581,2023
