k,inertia,silhouette_score,year
2,595.4823442901275,0.4244258846861486,2021
3,469.626837744846,0.2363315485575197,2021
4,403.73493210937,0.23389447423619214,2021
5,357.5117733021865,0.252077458155193,2021
6,329.32149903404485,0.22898765232468163,2021
