k,inertia,silhouette_score,year
2,551.9197260119385,0.4069084693805747,2019
3,419.6357369273005,0.248191670557397,2019
4,345.3442966336775,0.25719302469927546,2019
5,308.3123579017337,0.21102900748081335,2019
6,276.671898924544,0.20195906029827737,2019
