k,inertia,silhouette_score,year
2,588.9211588528617,0.4294870395850719,2022
3,464.2570847817575,0.23878670772562835,2022
4,403.0663846275704,0.22160365818267494,2022
5,358.32809439098025,0.2372259675160723,2022
6,327.7502824044785,0.19172063690467858,2022
